<?xml version="1.0" encoding="UTF-8"?>
<GenRun Id="impl_1" LaunchPart="xc7a35tcpg236-1" LaunchTime="1737047442">
  <File Type="ROUTE-PWR" Name="micro_ondes_power_routed.rpt"/>
  <File Type="PA-TCL" Name="micro_ondes.tcl"/>
  <File Type="BITSTR-BMM" Name="micro_ondes_bd.bmm"/>
  <File Type="ROUTE-PWR-SUM" Name="micro_ondes_power_summary_routed.pb"/>
  <File Type="REPORTS-TCL" Name="micro_ondes_reports.tcl"/>
  <File Type="OPT-DCP" Name="micro_ondes_opt.dcp"/>
  <File Type="OPT-DRC" Name="micro_ondes_drc_opted.rpt"/>
  <File Type="OPT-HWDEF" Name="micro_ondes.hwdef"/>
  <File Type="PWROPT-DCP" Name="micro_ondes_pwropt.dcp"/>
  <File Type="PLACE-DCP" Name="micro_ondes_placed.dcp"/>
  <File Type="PLACE-IO" Name="micro_ondes_io_placed.rpt"/>
  <File Type="PLACE-UTIL" Name="micro_ondes_utilization_placed.rpt"/>
  <File Type="PLACE-UTIL-PB" Name="micro_ondes_utilization_placed.pb"/>
  <File Type="PLACE-CTRL" Name="micro_ondes_control_sets_placed.rpt"/>
  <File Type="PLACE-PRE-SIMILARITY" Name="micro_ondes_incremental_reuse_pre_placed.rpt"/>
  <File Type="BG-BGN" Name="micro_ondes.bgn"/>
  <File Type="POSTPLACE-PWROPT-DCP" Name="micro_ondes_postplace_pwropt.dcp"/>
  <File Type="BG-BIN" Name="micro_ondes.bin"/>
  <File Type="PHYSOPT-DCP" Name="micro_ondes_physopt.dcp"/>
  <File Type="BITSTR-MSK" Name="micro_ondes.msk"/>
  <File Type="ROUTE-ERROR-DCP" Name="micro_ondes_routed_error.dcp"/>
  <File Type="ROUTE-DCP" Name="micro_ondes_routed.dcp"/>
  <File Type="ROUTE-BLACKBOX-DCP" Name="micro_ondes_routed_bb.dcp"/>
  <File Type="ROUTE-DRC" Name="micro_ondes_drc_routed.rpt"/>
  <File Type="ROUTE-DRC-PB" Name="micro_ondes_drc_routed.pb"/>
  <File Type="ROUTE-DRC-RPX" Name="micro_ondes_drc_routed.rpx"/>
  <File Type="BITSTR-LTX" Name="micro_ondes.ltx"/>
  <File Type="ROUTE-METHODOLOGY-DRC" Name="micro_ondes_methodology_drc_routed.rpt"/>
  <File Type="BITSTR-MMI" Name="micro_ondes.mmi"/>
  <File Type="ROUTE-METHODOLOGY-DRC-RPX" Name="micro_ondes_methodology_drc_routed.rpx"/>
  <File Type="ROUTE-METHODOLOGY-DRC-PB" Name="micro_ondes_methodology_drc_routed.pb"/>
  <File Type="BITSTR-SYSDEF" Name="micro_ondes.sysdef"/>
  <File Type="ROUTE-PWR-RPX" Name="micro_ondes_power_routed.rpx"/>
  <File Type="ROUTE-STATUS" Name="micro_ondes_route_status.rpt"/>
  <File Type="ROUTE-STATUS-PB" Name="micro_ondes_route_status.pb"/>
  <File Type="ROUTE-TIMINGSUMMARY" Name="micro_ondes_timing_summary_routed.rpt"/>
  <File Type="ROUTE-TIMING-PB" Name="micro_ondes_timing_summary_routed.pb"/>
  <File Type="ROUTE-TIMING-RPX" Name="micro_ondes_timing_summary_routed.rpx"/>
  <File Type="ROUTE-CLK" Name="micro_ondes_clock_utilization_routed.rpt"/>
  <File Type="ROUTE-BUS-SKEW" Name="micro_ondes_bus_skew_routed.rpt"/>
  <File Type="ROUTE-BUS-SKEW-PB" Name="micro_ondes_bus_skew_routed.pb"/>
  <File Type="ROUTE-BUS-SKEW-RPX" Name="micro_ondes_bus_skew_routed.rpx"/>
  <File Type="POSTROUTE-PHYSOPT-DCP" Name="micro_ondes_postroute_physopt.dcp"/>
  <File Type="POSTROUTE-PHYSOPT-BLACKBOX-DCP" Name="micro_ondes_postroute_physopt_bb.dcp"/>
  <File Type="BG-BIT" Name="micro_ondes.bit"/>
  <File Type="BITSTR-RBT" Name="micro_ondes.rbt"/>
  <File Type="BITSTR-NKY" Name="micro_ondes.nky"/>
  <File Type="BG-DRC" Name="micro_ondes.drc"/>
  <File Type="RDI-RDI" Name="micro_ondes.vdi"/>
  <File Type="WBT-USG" Name="usage_statistics_webtalk.html"/>
  <FileSet Name="sources" Type="DesignSrcs" RelSrcDir="$PSRCDIR/sources_1">
    <Filter Type="Srcs"/>
    <File Path="$PSRCDIR/sources_1/new/micro-ondes.vhd">
      <FileInfo>
        <Attr Name="ImportPath" Val="$PPRDIR/../../../../../../../../../../../../../../Micro-ondes/Micro-ondes.srcs/sources_1/new/micro-ondes.vhd"/>
        <Attr Name="ImportTime" Val="1736839113"/>
        <Attr Name="UsedIn" Val="synthesis"/>
        <Attr Name="UsedIn" Val="simulation"/>
      </FileInfo>
    </File>
    <File Path="$PSRCDIR/sources_1/imports/Micro-ondes/archive_project_summary.txt">
      <FileInfo>
        <Attr Name="ImportPath" Val="$PPRDIR/../../../../../../../../Documents/Micro-ondes/archive_project_summary.txt"/>
        <Attr Name="ImportTime" Val="1736839278"/>
      </FileInfo>
    </File>
    <Config>
      <Option Name="DesignMode" Val="RTL"/>
      <Option Name="TopModule" Val="micro_ondes"/>
      <Option Name="TopAutoSet" Val="TRUE"/>
    </Config>
  </FileSet>
  <FileSet Name="constrs_in" Type="Constrs" RelSrcDir="$PSRCDIR/constrs_1">
    <Filter Type="Constrs"/>
    <File Path="$PSRCDIR/constrs_1/imports/Basys3/Basys3_Buttons.xdc">
      <FileInfo>
        <Attr Name="ImportPath" Val="Y:/Downloads/VHDL-main/src/vhdl/Basys3/Basys3_Buttons.xdc"/>
        <Attr Name="ImportTime" Val="1711724318"/>
        <Attr Name="UsedIn" Val="synthesis"/>
        <Attr Name="UsedIn" Val="implementation"/>
      </FileInfo>
    </File>
    <File Path="$PSRCDIR/constrs_1/imports/Basys3/Basys3_Clock.xdc">
      <FileInfo>
        <Attr Name="ImportPath" Val="Y:/Downloads/VHDL-main/src/vhdl/Basys3/Basys3_Clock.xdc"/>
        <Attr Name="ImportTime" Val="1711724318"/>
        <Attr Name="UsedIn" Val="synthesis"/>
        <Attr Name="UsedIn" Val="implementation"/>
      </FileInfo>
    </File>
    <File Path="$PSRCDIR/constrs_1/imports/Basys3/Basys3_LEDs.xdc">
      <FileInfo>
        <Attr Name="ImportPath" Val="Y:/Downloads/VHDL-main/src/vhdl/Basys3/Basys3_LEDs.xdc"/>
        <Attr Name="ImportTime" Val="1711724318"/>
        <Attr Name="UsedIn" Val="synthesis"/>
        <Attr Name="UsedIn" Val="implementation"/>
      </FileInfo>
    </File>
    <File Path="$PSRCDIR/constrs_1/imports/Basys3/Basys3_SegmentDisplay.xdc">
      <FileInfo>
        <Attr Name="ImportPath" Val="Y:/Downloads/VHDL-main/src/vhdl/Basys3/Basys3_SegmentDisplay.xdc"/>
        <Attr Name="ImportTime" Val="1711724318"/>
        <Attr Name="UsedIn" Val="synthesis"/>
        <Attr Name="UsedIn" Val="implementation"/>
      </FileInfo>
    </File>
    <File Path="$PSRCDIR/constrs_1/imports/Basys3/Basys3_Switches.xdc">
      <FileInfo>
        <Attr Name="ImportPath" Val="Y:/Downloads/VHDL-main/src/vhdl/Basys3/Basys3_Switches.xdc"/>
        <Attr Name="ImportTime" Val="1711724318"/>
        <Attr Name="UsedIn" Val="synthesis"/>
        <Attr Name="UsedIn" Val="implementation"/>
      </FileInfo>
    </File>
    <Config>
      <Option Name="ConstrsType" Val="XDC"/>
    </Config>
  </FileSet>
  <FileSet Name="utils" Type="Utils" RelSrcDir="$PSRCDIR/utils_1">
    <Filter Type="Utils"/>
    <Config>
      <Option Name="TopAutoSet" Val="TRUE"/>
    </Config>
  </FileSet>
  <Strategy Version="1" Minor="2">
    <StratHandle Name="Vivado Implementation Defaults" Flow="Vivado Implementation 2019"/>
    <Step Id="init_design"/>
    <Step Id="opt_design"/>
    <Step Id="power_opt_design"/>
    <Step Id="place_design"/>
    <Step Id="post_place_power_opt_design"/>
    <Step Id="phys_opt_design"/>
    <Step Id="route_design"/>
    <Step Id="post_route_phys_opt_design"/>
    <Step Id="write_bitstream"/>
  </Strategy>
</GenRun>
