<?xml version="1.0" encoding="UTF-8"?>
<GenRun Id="synth_1" LaunchPart="xc7a35tcpg236-1" LaunchTime="1737047442">
  <File Type="PA-TCL" Name="micro_ondes.tcl"/>
  <File Type="REPORTS-TCL" Name="micro_ondes_reports.tcl"/>
  <File Type="RDS-RDS" Name="micro_ondes.vds"/>
  <File Type="RDS-UTIL" Name="micro_ondes_utilization_synth.rpt"/>
  <File Type="RDS-UTIL-PB" Name="micro_ondes_utilization_synth.pb"/>
  <File Type="RDS-DCP" Name="micro_ondes.dcp"/>
  <FileSet Name="sources" Type="DesignSrcs" RelSrcDir="$PSRCDIR/sources_1">
    <Filter Type="Srcs"/>
    <File Path="$PSRCDIR/sources_1/new/micro-ondes.vhd">
      <FileInfo>
        <Attr Name="ImportPath" Val="$PPRDIR/../../../../../../../../../../../../../../Micro-ondes/Micro-ondes.srcs/sources_1/new/micro-ondes.vhd"/>
        <Attr Name="ImportTime" Val="1736839113"/>
        <Attr Name="UsedIn" Val="synthesis"/>
        <Attr Name="UsedIn" Val="simulation"/>
      </FileInfo>
    </File>
    <File Path="$PSRCDIR/sources_1/imports/Micro-ondes/archive_project_summary.txt">
      <FileInfo>
        <Attr Name="ImportPath" Val="$PPRDIR/../../../../../../../../Documents/Micro-ondes/archive_project_summary.txt"/>
        <Attr Name="ImportTime" Val="1736839278"/>
      </FileInfo>
    </File>
    <Config>
      <Option Name="DesignMode" Val="RTL"/>
      <Option Name="TopModule" Val="micro_ondes"/>
      <Option Name="TopAutoSet" Val="TRUE"/>
    </Config>
  </FileSet>
  <FileSet Name="constrs_in" Type="Constrs" RelSrcDir="$PSRCDIR/constrs_1">
    <Filter Type="Constrs"/>
    <File Path="$PSRCDIR/constrs_1/imports/Basys3/Basys3_Buttons.xdc">
      <FileInfo>
        <Attr Name="ImportPath" Val="Y:/Downloads/VHDL-main/src/vhdl/Basys3/Basys3_Buttons.xdc"/>
        <Attr Name="ImportTime" Val="1711724318"/>
        <Attr Name="UsedIn" Val="synthesis"/>
        <Attr Name="UsedIn" Val="implementation"/>
      </FileInfo>
    </File>
    <File Path="$PSRCDIR/constrs_1/imports/Basys3/Basys3_Clock.xdc">
      <FileInfo>
        <Attr Name="ImportPath" Val="Y:/Downloads/VHDL-main/src/vhdl/Basys3/Basys3_Clock.xdc"/>
        <Attr Name="ImportTime" Val="1711724318"/>
        <Attr Name="UsedIn" Val="synthesis"/>
        <Attr Name="UsedIn" Val="implementation"/>
      </FileInfo>
    </File>
    <File Path="$PSRCDIR/constrs_1/imports/Basys3/Basys3_LEDs.xdc">
      <FileInfo>
        <Attr Name="ImportPath" Val="Y:/Downloads/VHDL-main/src/vhdl/Basys3/Basys3_LEDs.xdc"/>
        <Attr Name="ImportTime" Val="1711724318"/>
        <Attr Name="UsedIn" Val="synthesis"/>
        <Attr Name="UsedIn" Val="implementation"/>
      </FileInfo>
    </File>
    <File Path="$PSRCDIR/constrs_1/imports/Basys3/Basys3_SegmentDisplay.xdc">
      <FileInfo>
        <Attr Name="ImportPath" Val="Y:/Downloads/VHDL-main/src/vhdl/Basys3/Basys3_SegmentDisplay.xdc"/>
        <Attr Name="ImportTime" Val="1711724318"/>
        <Attr Name="UsedIn" Val="synthesis"/>
        <Attr Name="UsedIn" Val="implementation"/>
      </FileInfo>
    </File>
    <File Path="$PSRCDIR/constrs_1/imports/Basys3/Basys3_Switches.xdc">
      <FileInfo>
        <Attr Name="ImportPath" Val="Y:/Downloads/VHDL-main/src/vhdl/Basys3/Basys3_Switches.xdc"/>
        <Attr Name="ImportTime" Val="1711724318"/>
        <Attr Name="UsedIn" Val="synthesis"/>
        <Attr Name="UsedIn" Val="implementation"/>
      </FileInfo>
    </File>
    <Config>
      <Option Name="ConstrsType" Val="XDC"/>
    </Config>
  </FileSet>
  <FileSet Name="utils" Type="Utils" RelSrcDir="$PSRCDIR/utils_1">
    <Filter Type="Utils"/>
    <Config>
      <Option Name="TopAutoSet" Val="TRUE"/>
    </Config>
  </FileSet>
  <Strategy Version="1" Minor="2">
    <StratHandle Name="Vivado Synthesis Defaults" Flow="Vivado Synthesis 2019"/>
    <Step Id="synth_design"/>
  </Strategy>
</GenRun>
